Config,C_BOL_prop,M_prop_bat,V_prop_bat,C_BOL_remain,M_remain_bat,V_remain_bat,M_total,V_total
CI-Br-Sf_0_Folds_per_side0.5Pay_continuous_Trueltan_6,89.00711848050346,0.5933807898700231,0.4238434213357308,63.99151981747395,0.426610132116493,0.30472152294035215,1.019990921986516,0.7285649442760829
CI-Br-Sf_0_Folds_per_side0.5Pay_continuous_Trueltan_9,85.50022657891353,0.5700015105260902,0.4071439360900644,116.57077040945822,0.7771384693963881,0.5550989067117058,1.3471399799224781,0.9622428428017702
CI-Br-Sf_0_Folds_per_side1Pay_continuous_Trueltan_6,84.26238823615826,0.5617492549077218,0.40124946779122983,63.991519817473616,0.4266101321164908,0.30472152294035054,0.9883593870242126,0.7059709907315803
CI-Br-Sf_0_Folds_per_side1Pay_continuous_Trueltan_9,76.44432503090498,0.5096288335393665,0.36402059538526177,116.57077040945408,0.7771384693963606,0.5550989067116862,1.286767302935727,0.9191195020969479
CI-Br-Sf_0_Folds_per_side1Pay_continuous_Trueltan_12,69.87571677694618,0.46583811184630786,0.33274150846164846,160.15883800649317,1.0677255867099544,0.7626611333642532,1.5335636985562622,1.0954026418259017
CI-Br-Sf_0_Folds_per_side1.5Pay_continuous_Trueltan_6,79.51765799181302,0.5301177199454201,0.37865551424672866,63.99151981747323,0.42661013211648824,0.3047215229403487,0.9567278520619084,0.6833770371870773
CI-Br-Sf_0_Folds_per_side1.5Pay_continuous_Trueltan_9,67.38842348289641,0.4492561565526428,0.3208972546804591,116.57077040944999,0.7771384693963332,0.5550989067116666,1.226394625948976,0.8759961613921257
CI-Br-Sf_0_Folds_per_side1.5Pay_continuous_Trueltan_12,57.9799397078234,0.38653293138548933,0.2760949509896352,158.6945114387144,1.0579634095914292,0.7556881497081638,1.4444963409769185,1.0317831006977989
CI-Br-Sf_0_Folds_per_side2Pay_continuous_Trueltan_6,74.77292774746782,0.4984861849831188,0.3560615607022277,63.99151981747289,0.42661013211648596,0.3047215229403471,0.9250963170996047,0.6607830836425748
CI-Br-Sf_0_Folds_per_side2Pay_continuous_Trueltan_9,58.332521934887886,0.38888347956591923,0.2777739139756566,116.90116435934874,0.7793410957289916,0.556672211234994,1.1682245752949107,0.8344461252106505
CI-Br-Sf_0_Folds_per_side2Pay_continuous_Trueltan_12,57.96201814058957,0.38641345427059715,0.2760096101932837,156.68900258894095,1.0445933505929397,0.7461381075663854,1.4310068048635367,1.0221477177596692
CI-Br-Sf_0_Folds_per_side2.5Pay_continuous_Trueltan_6,70.02819750312261,0.46685465002081744,0.3334676071577267,63.99151981747254,0.42661013211648363,0.30472152294034544,0.8934647821373011,0.6381891300980722
CI-Br-Sf_0_Folds_per_side2.5Pay_continuous_Trueltan_9,57.96201814058957,0.38641345427059715,0.2760096101932837,116.57077040944556,0.7771384693963037,0.5550989067116455,1.1635519236669007,0.8311085169049293
CI-Br-Sf_0_Folds_per_side2.5Pay_continuous_Trueltan_12,57.96201814058957,0.38641345427059715,0.2760096101932837,155.55242961066378,1.0370161974044252,0.7407258552888751,1.4234296516750224,1.0167354654821588
CI-Br-Sf_i_Folds_per_side0.5Pay_continuous_Trueltan_6,81.90155305036383,0.5460103536690922,0.390007395477923,63.99151981747343,0.4266101321164895,0.30472152294034965,0.9726204857855818,0.6947289184182727
CI-Br-Sf_i_Folds_per_side0.5Pay_continuous_Trueltan_9,83.14206609847447,0.5542804406564965,0.39591460046892607,116.57077040945711,0.7771384693963808,0.5550989067117005,1.3314189100528773,0.9510135071806265
CI-Br-Sf_i_Folds_per_side1Pay_continuous_Trueltan_6,70.05125737587893,0.4670083825058596,0.333577416075614,63.99151981747254,0.42661013211648363,0.30472152294034544,0.8936185146223432,0.6382989390159595
CI-Br-Sf_i_Folds_per_side1Pay_continuous_Trueltan_9,71.7280040700269,0.4781866938001793,0.34156192414298525,116.57077040945194,0.7771384693963462,0.5550989067116759,1.2553251631965257,0.8966608308546612
CI-Br-Sf_i_Folds_per_side1Pay_continuous_Trueltan_12,69.87563976244662,0.46583759841631084,0.33274114172593633,160.1588208574251,1.067725472382834,0.7626610517020243,1.5335630707991448,1.0954021934279605
CI-Br-Sf_i_Folds_per_side1.5Pay_continuous_Trueltan_6,58.20096170139405,0.388006411342627,0.277147436673305,64.01274228107923,0.42675161520719485,0.30482258229085346,0.8147580265498218,0.5819700189641585
CI-Br-Sf_i_Folds_per_side1.5Pay_continuous_Trueltan_9,60.3139420415793,0.402092946943862,0.2872092478170443,116.57077040944667,0.7771384693963111,0.5550989067116507,1.1792314163401731,0.842308154528695
CI-Br-Sf_i_Folds_per_side1.5Pay_continuous_Trueltan_12,57.979824186074055,0.3865321612404937,0.2760944008860669,158.69453782557,1.0579635855037999,0.7556882753598572,1.4444957467442936,1.0317826762459241
CI-Br-Sf_i_Folds_per_side2Pay_continuous_Trueltan_6,57.96201814058957,0.38641345427059715,0.2760096101932837,63.991519817471456,0.42661013211647636,0.3047215229403403,0.8130235863870735,0.580731133133624
CI-Br-Sf_i_Folds_per_side2Pay_continuous_Trueltan_9,57.96201814058957,0.38641345427059715,0.2760096101932837,116.57077040944556,0.7771384693963037,0.5550989067116455,1.1635519236669007,0.8311085169049293
CI-Br-Sf_i_Folds_per_side2Pay_continuous_Trueltan_12,57.96201814058957,0.38641345427059715,0.2760096101932837,156.68897757581468,1.0445931838387645,0.7461379884562603,1.4310066381093618,1.022147598649544
CI-Br-Sf_i_Folds_per_side2.5Pay_continuous_Trueltan_6,57.96201814058957,0.38641345427059715,0.2760096101932837,63.991519817471456,0.42661013211647636,0.3047215229403403,0.8130235863870735,0.580731133133624
CI-Br-Sf_i_Folds_per_side2.5Pay_continuous_Trueltan_9,57.96201814058957,0.38641345427059715,0.2760096101932837,116.57077040944556,0.7771384693963037,0.5550989067116455,1.1635519236669007,0.8311085169049293
CI-Br-Sf_i_Folds_per_side2.5Pay_continuous_Trueltan_12,57.96201814058957,0.38641345427059715,0.2760096101932837,155.55240170388112,1.0370160113592075,0.7407257223994339,1.4234294656298045,1.0167353325927175
CIII-Bfh_i-Sf_0_Folds_per_side0.5Pay_continuous_Trueltan_6,90.4526460081976,0.6030176400546506,0.4307268857533219,63.991519817474064,0.42661013211649373,0.3047215229403527,1.0296277721711444,0.7354484086936746
CIII-Bfh_i-Sf_0_Folds_per_side0.5Pay_continuous_Trueltan_9,87.71082982885983,0.5847388655257322,0.4176706182326659,117.49400441713357,0.7832933627808905,0.5594952591292075,1.3680322283066226,0.9771658773618734
CIII-Bfh_i-Sf_0_Folds_per_side1Pay_continuous_Trueltan_6,85.7079157638524,0.5713861050923493,0.40813293220882096,63.991519817473694,0.4266101321164913,0.30472152294035093,0.9979962372088407,0.7128544551491719
CIII-Bfh_i-Sf_0_Folds_per_side1Pay_continuous_Trueltan_9,78.65492828085128,0.5243661885390085,0.37454727752786326,117.49400441712947,0.7832933627808631,0.559495259129188,1.3076595513198717,0.9340425366570513
CIII-Bfh_i-Sf_0_Folds_per_side1.5Pay_continuous_Trueltan_6,80.96318551950716,0.5397545701300478,0.38553897866431985,63.99151981747336,0.42661013211648907,0.3047215229403493,0.9663647022465369,0.6902605016046692
CIII-Bfh_i-Sf_0_Folds_per_side1.5Pay_continuous_Trueltan_9,69.59902673284273,0.46399351155228485,0.33142393682306065,117.4940044171254,0.7832933627808359,0.5594952591291685,1.247286874333121,0.8909191959522291
CIII-Bfh_i-Sf_0_Folds_per_side1.5Pay_continuous_Trueltan_12,57.96201814058957,0.38641345427059715,0.2760096101932837,167.76050687143606,1.118403379142907,0.7988595565306479,1.5048168334135044,1.0748691667239316
CIII-Bfh_i-Sf_0_Folds_per_side2Pay_continuous_Trueltan_6,76.21845527516194,0.5081230351677463,0.3629450251198188,63.99151981747302,0.4266101321164868,0.3047215229403477,0.9347331672842331,0.6676665480601665
CIII-Bfh_i-Sf_0_Folds_per_side2Pay_continuous_Trueltan_9,60.54312518483418,0.4036208345655612,0.28830059611825803,117.4940044171213,0.7832933627808086,0.5594952591291491,1.1869141973463697,0.8477958552474072
CIII-Bfh_i-Sf_0_Folds_per_side2Pay_continuous_Trueltan_12,57.96201814058957,0.38641345427059715,0.2760096101932837,165.77549310786077,1.1051699540524051,0.7894071100374322,1.4915834083230024,1.0654167202307159
CIII-Bfh_i-Sf_0_Folds_per_side2.5Pay_continuous_Trueltan_6,71.47372503081672,0.47649150020544484,0.34035107157531774,63.99151981747264,0.4266101321164843,0.30472152294034593,0.9031016323219292,0.6450725945156637
CIII-Bfh_i-Sf_0_Folds_per_side2.5Pay_continuous_Trueltan_9,57.96201814058957,0.38641345427059715,0.2760096101932837,117.49400441712008,0.7832933627808005,0.5594952591291432,1.1697068170513978,0.835504869322427
CIII-Bfh_i-Sf_0_Folds_per_side2.5Pay_continuous_Trueltan_12,57.96201814058957,0.38641345427059715,0.2760096101932837,164.65185686275254,1.0976790457516836,0.7840564612512025,1.4840925000222809,1.0600660714444863
CIII-Bfh_i-Sf_i_Folds_per_side0.5Pay_continuous_Trueltan_6,83.34708057805796,0.5556472038537197,0.3968908598955141,63.99151981747354,0.42661013211649024,0.30472152294035015,0.9822573359702099,0.7016123828358642
CIII-Bfh_i-Sf_i_Folds_per_side0.5Pay_continuous_Trueltan_9,85.35266934842078,0.5690177956561385,0.4064412826115275,116.57077040945812,0.7771384693963874,0.5550989067117054,1.3461562650525258,0.9615401893232329
CIII-Bfh_i-Sf_i_Folds_per_side1Pay_continuous_Trueltan_6,71.49678490357307,0.47664523269048714,0.3404608804932051,63.99151981747266,0.42661013211648435,0.304721522940346,0.9032553648069714,0.6451824034335512
CIII-Bfh_i-Sf_i_Folds_per_side1Pay_continuous_Trueltan_9,73.93860731997319,0.49292404879982127,0.3520886062855866,116.57077040945298,0.7771384693963532,0.5550989067116808,1.2700625181961744,0.9071875129972674
CIII-Bfh_i-Sf_i_Folds_per_side1.5Pay_continuous_Trueltan_6,59.64648922908819,0.3976432615272546,0.2840309010908961,63.99151981747161,0.4266101321164774,0.304721522940341,0.824253393643732,0.5887524240312372
CIII-Bfh_i-Sf_i_Folds_per_side1.5Pay_continuous_Trueltan_9,62.52454529152559,0.41683030194350396,0.29773592995964565,116.57077040944769,0.7771384693963179,0.5550989067116556,1.193968771339822,0.8528348366713012
CIII-Bfh_i-Sf_i_Folds_per_side1.5Pay_continuous_Trueltan_12,57.96201814058957,0.38641345427059715,0.2760096101932837,167.7604846019827,1.1184032306798848,0.798859450485632,1.504816684950482,1.0748690606789157
CIII-Bfh_i-Sf_i_Folds_per_side2Pay_continuous_Trueltan_6,57.96201814058957,0.38641345427059715,0.2760096101932837,63.991519817471456,0.42661013211647636,0.3047215229403403,0.8130235863870735,0.580731133133624
CIII-Bfh_i-Sf_i_Folds_per_side2Pay_continuous_Trueltan_9,57.96201814058957,0.38641345427059715,0.2760096101932837,116.57077040944556,0.7771384693963037,0.5550989067116455,1.1635519236669007,0.8311085169049293
CIII-Bfh_i-Sf_i_Folds_per_side2Pay_continuous_Trueltan_12,57.96201814058957,0.38641345427059715,0.2760096101932837,165.77546754913405,1.1051697836608936,0.7894069883292097,1.4915832379314908,1.0654165985224935
CIII-Bfh_i-Sf_i_Folds_per_side2.5Pay_continuous_Trueltan_6,57.96201814058957,0.38641345427059715,0.2760096101932837,63.991519817471456,0.42661013211647636,0.3047215229403403,0.8130235863870735,0.580731133133624
CIII-Bfh_i-Sf_i_Folds_per_side2.5Pay_continuous_Trueltan_9,57.96201814058957,0.38641345427059715,0.2760096101932837,116.57077040944556,0.7771384693963037,0.5550989067116455,1.1635519236669007,0.8311085169049293
CIII-Bfh_i-Sf_i_Folds_per_side2.5Pay_continuous_Trueltan_12,57.96201814058957,0.38641345427059715,0.2760096101932837,164.65182844549514,1.0976788563033009,0.7840563259309292,1.4840923105738981,1.0600659361242128
CIII-Bfv_i-Sf_0_Folds_per_side0.5Pay_continuous_Trueltan_6,90.4526460081976,0.6030176400546506,0.4307268857533219,63.991519817474064,0.42661013211649373,0.3047215229403527,1.0296277721711444,0.7354484086936746
CIII-Bfv_i-Sf_0_Folds_per_side0.5Pay_continuous_Trueltan_9,87.71082982885983,0.5847388655257322,0.4176706182326659,117.49400441713357,0.7832933627808905,0.5594952591292075,1.3680322283066226,0.9771658773618734
CIII-Bfv_i-Sf_0_Folds_per_side1Pay_continuous_Trueltan_6,85.7079157638524,0.5713861050923493,0.40813293220882096,63.991519817473694,0.4266101321164913,0.30472152294035093,0.9979962372088407,0.7128544551491719
CIII-Bfv_i-Sf_0_Folds_per_side1Pay_continuous_Trueltan_9,78.65492828085128,0.5243661885390085,0.37454727752786326,117.49400441712947,0.7832933627808631,0.559495259129188,1.3076595513198717,0.9340425366570513
CIII-Bfv_i-Sf_0_Folds_per_side1.5Pay_continuous_Trueltan_6,80.96318551950716,0.5397545701300478,0.38553897866431985,63.99151981747336,0.42661013211648907,0.3047215229403493,0.9663647022465369,0.6902605016046692
CIII-Bfv_i-Sf_0_Folds_per_side1.5Pay_continuous_Trueltan_9,69.59902673284273,0.46399351155228485,0.33142393682306065,117.4940044171254,0.7832933627808359,0.5594952591291685,1.247286874333121,0.8909191959522291
CIII-Bfv_i-Sf_0_Folds_per_side1.5Pay_continuous_Trueltan_12,57.96201814058957,0.38641345427059715,0.2760096101932837,167.76050687143606,1.118403379142907,0.7988595565306479,1.5048168334135044,1.0748691667239316
CIII-Bfv_i-Sf_0_Folds_per_side2Pay_continuous_Trueltan_6,76.21845527516194,0.5081230351677463,0.3629450251198188,63.99151981747302,0.4266101321164868,0.3047215229403477,0.9347331672842331,0.6676665480601665
CIII-Bfv_i-Sf_0_Folds_per_side2Pay_continuous_Trueltan_9,60.54312518483418,0.4036208345655612,0.28830059611825803,117.4940044171213,0.7832933627808086,0.5594952591291491,1.1869141973463697,0.8477958552474072
CIII-Bfv_i-Sf_0_Folds_per_side2Pay_continuous_Trueltan_12,57.96201814058957,0.38641345427059715,0.2760096101932837,165.77549310786077,1.1051699540524051,0.7894071100374322,1.4915834083230024,1.0654167202307159
CIII-Bfv_i-Sf_0_Folds_per_side2.5Pay_continuous_Trueltan_6,71.47372503081672,0.47649150020544484,0.34035107157531774,63.99151981747264,0.4266101321164843,0.30472152294034593,0.9031016323219292,0.6450725945156637
CIII-Bfv_i-Sf_0_Folds_per_side2.5Pay_continuous_Trueltan_9,57.96201814058957,0.38641345427059715,0.2760096101932837,117.49400441712008,0.7832933627808005,0.5594952591291432,1.1697068170513978,0.835504869322427
CIII-Bfv_i-Sf_0_Folds_per_side2.5Pay_continuous_Trueltan_12,57.96201814058957,0.38641345427059715,0.2760096101932837,164.65185686275254,1.0976790457516836,0.7840564612512025,1.4840925000222809,1.0600660714444863
CIII-Bfv_i-Sf_i_Folds_per_side0.5Pay_continuous_Trueltan_6,83.34708057805796,0.5556472038537197,0.3968908598955141,63.99151981747354,0.42661013211649024,0.30472152294035015,0.9822573359702099,0.7016123828358642
CIII-Bfv_i-Sf_i_Folds_per_side0.5Pay_continuous_Trueltan_9,85.35266934842078,0.5690177956561385,0.4064412826115275,116.57077040945812,0.7771384693963874,0.5550989067117054,1.3461562650525258,0.9615401893232329
CIII-Bfv_i-Sf_i_Folds_per_side1Pay_continuous_Trueltan_6,71.49678490357307,0.47664523269048714,0.3404608804932051,63.99151981747266,0.42661013211648435,0.304721522940346,0.9032553648069714,0.6451824034335512
CIII-Bfv_i-Sf_i_Folds_per_side1Pay_continuous_Trueltan_9,73.93860731997319,0.49292404879982127,0.3520886062855866,116.57077040945298,0.7771384693963532,0.5550989067116808,1.2700625181961744,0.9071875129972674
CIII-Bfv_i-Sf_i_Folds_per_side1.5Pay_continuous_Trueltan_6,59.64648922908819,0.3976432615272546,0.2840309010908961,63.99151981747161,0.4266101321164774,0.304721522940341,0.824253393643732,0.5887524240312372
CIII-Bfv_i-Sf_i_Folds_per_side1.5Pay_continuous_Trueltan_9,62.52454529152559,0.41683030194350396,0.29773592995964565,116.57077040944769,0.7771384693963179,0.5550989067116556,1.193968771339822,0.8528348366713012
CIII-Bfv_i-Sf_i_Folds_per_side1.5Pay_continuous_Trueltan_12,57.96201814058957,0.38641345427059715,0.2760096101932837,167.7604846019827,1.1184032306798848,0.798859450485632,1.504816684950482,1.0748690606789157
CIII-Bfv_i-Sf_i_Folds_per_side2Pay_continuous_Trueltan_6,57.96201814058957,0.38641345427059715,0.2760096101932837,63.991519817471456,0.42661013211647636,0.3047215229403403,0.8130235863870735,0.580731133133624
CIII-Bfv_i-Sf_i_Folds_per_side2Pay_continuous_Trueltan_9,57.96201814058957,0.38641345427059715,0.2760096101932837,116.57077040944556,0.7771384693963037,0.5550989067116455,1.1635519236669007,0.8311085169049293
CIII-Bfv_i-Sf_i_Folds_per_side2Pay_continuous_Trueltan_12,57.96201814058957,0.38641345427059715,0.2760096101932837,165.77546754913405,1.1051697836608936,0.7894069883292097,1.4915832379314908,1.0654165985224935
CIII-Bfv_i-Sf_i_Folds_per_side2.5Pay_continuous_Trueltan_6,57.96201814058957,0.38641345427059715,0.2760096101932837,63.991519817471456,0.42661013211647636,0.3047215229403403,0.8130235863870735,0.580731133133624
CIII-Bfv_i-Sf_i_Folds_per_side2.5Pay_continuous_Trueltan_9,57.96201814058957,0.38641345427059715,0.2760096101932837,116.57077040944556,0.7771384693963037,0.5550989067116455,1.1635519236669007,0.8311085169049293
CIII-Bfv_i-Sf_i_Folds_per_side2.5Pay_continuous_Trueltan_12,57.96201814058957,0.38641345427059715,0.2760096101932837,164.65182844549514,1.0976788563033009,0.7840563259309292,1.4840923105738981,1.0600659361242128
CIV-Fr-Sf_i_Folds_per_side0.5Pay_continuous_Trueltan_6,81.90155305036383,0.5460103536690922,0.390007395477923,63.99151981747343,0.4266101321164895,0.30472152294034965,0.9726204857855818,0.6947289184182727
CIV-Fr-Sf_i_Folds_per_side0.5Pay_continuous_Trueltan_9,83.14206609847447,0.5542804406564965,0.39591460046892607,116.57077040945711,0.7771384693963808,0.5550989067117005,1.3314189100528773,0.9510135071806265
CIV-Fr-Sf_i_Folds_per_side1Pay_continuous_Trueltan_6,70.05125737587893,0.4670083825058596,0.333577416075614,63.99151981747254,0.42661013211648363,0.30472152294034544,0.8936185146223432,0.6382989390159595
CIV-Fr-Sf_i_Folds_per_side1Pay_continuous_Trueltan_9,71.7280040700269,0.4781866938001793,0.34156192414298525,116.57077040945194,0.7771384693963462,0.5550989067116759,1.2553251631965257,0.8966608308546612
CIV-Fr-Sf_i_Folds_per_side1Pay_continuous_Trueltan_12,69.87563976244662,0.46583759841631084,0.33274114172593633,160.1588208574251,1.067725472382834,0.7626610517020243,1.5335630707991448,1.0954021934279605
CIV-Fr-Sf_i_Folds_per_side1.5Pay_continuous_Trueltan_6,58.20096170139405,0.388006411342627,0.277147436673305,64.01274228107923,0.42675161520719485,0.30482258229085346,0.8147580265498218,0.5819700189641585
CIV-Fr-Sf_i_Folds_per_side1.5Pay_continuous_Trueltan_9,60.3139420415793,0.402092946943862,0.2872092478170443,116.57077040944667,0.7771384693963111,0.5550989067116507,1.1792314163401731,0.842308154528695
CIV-Fr-Sf_i_Folds_per_side1.5Pay_continuous_Trueltan_12,57.979824186074055,0.3865321612404937,0.2760944008860669,158.69453782557,1.0579635855037999,0.7556882753598572,1.4444957467442936,1.0317826762459241
CIV-Fr-Sf_i_Folds_per_side2Pay_continuous_Trueltan_6,57.96201814058957,0.38641345427059715,0.2760096101932837,63.991519817471456,0.42661013211647636,0.3047215229403403,0.8130235863870735,0.580731133133624
CIV-Fr-Sf_i_Folds_per_side2Pay_continuous_Trueltan_9,57.96201814058957,0.38641345427059715,0.2760096101932837,116.57077040944556,0.7771384693963037,0.5550989067116455,1.1635519236669007,0.8311085169049293
CIV-Fr-Sf_i_Folds_per_side2Pay_continuous_Trueltan_12,57.96201814058957,0.38641345427059715,0.2760096101932837,156.68897757581468,1.0445931838387645,0.7461379884562603,1.4310066381093618,1.022147598649544
CIV-Fr-Sf_i_Folds_per_side2.5Pay_continuous_Trueltan_6,57.96201814058957,0.38641345427059715,0.2760096101932837,63.991519817471456,0.42661013211647636,0.3047215229403403,0.8130235863870735,0.580731133133624
CIV-Fr-Sf_i_Folds_per_side2.5Pay_continuous_Trueltan_9,57.96201814058957,0.38641345427059715,0.2760096101932837,116.57077040944556,0.7771384693963037,0.5550989067116455,1.1635519236669007,0.8311085169049293
CIV-Fr-Sf_i_Folds_per_side2.5Pay_continuous_Trueltan_12,57.96201814058957,0.38641345427059715,0.2760096101932837,155.55240170388112,1.0370160113592075,0.7407257223994339,1.4234294656298045,1.0167353325927175
CIV-Ffh_i-Sf_i_Folds_per_side0.5Pay_continuous_Trueltan_6,83.34708057805796,0.5556472038537197,0.3968908598955141,63.99151981747354,0.42661013211649024,0.30472152294035015,0.9822573359702099,0.7016123828358642
CIV-Ffh_i-Sf_i_Folds_per_side0.5Pay_continuous_Trueltan_9,85.35266934842078,0.5690177956561385,0.4064412826115275,116.57077040945812,0.7771384693963874,0.5550989067117054,1.3461562650525258,0.9615401893232329
CIV-Ffh_i-Sf_i_Folds_per_side1Pay_continuous_Trueltan_6,71.49678490357307,0.47664523269048714,0.3404608804932051,63.99151981747266,0.42661013211648435,0.304721522940346,0.9032553648069714,0.6451824034335512
CIV-Ffh_i-Sf_i_Folds_per_side1Pay_continuous_Trueltan_9,73.93860731997319,0.49292404879982127,0.3520886062855866,116.57077040945298,0.7771384693963532,0.5550989067116808,1.2700625181961744,0.9071875129972674
CIV-Ffh_i-Sf_i_Folds_per_side1.5Pay_continuous_Trueltan_6,59.64648922908819,0.3976432615272546,0.2840309010908961,63.99151981747161,0.4266101321164774,0.304721522940341,0.824253393643732,0.5887524240312372
CIV-Ffh_i-Sf_i_Folds_per_side1.5Pay_continuous_Trueltan_9,62.52454529152559,0.41683030194350396,0.29773592995964565,116.57077040944769,0.7771384693963179,0.5550989067116556,1.193968771339822,0.8528348366713012
CIV-Ffh_i-Sf_i_Folds_per_side1.5Pay_continuous_Trueltan_12,57.96201814058957,0.38641345427059715,0.2760096101932837,167.7604846019827,1.1184032306798848,0.798859450485632,1.504816684950482,1.0748690606789157
CIV-Ffh_i-Sf_i_Folds_per_side2Pay_continuous_Trueltan_6,57.96201814058957,0.38641345427059715,0.2760096101932837,63.991519817471456,0.42661013211647636,0.3047215229403403,0.8130235863870735,0.580731133133624
CIV-Ffh_i-Sf_i_Folds_per_side2Pay_continuous_Trueltan_9,57.96201814058957,0.38641345427059715,0.2760096101932837,116.57077040944556,0.7771384693963037,0.5550989067116455,1.1635519236669007,0.8311085169049293
CIV-Ffh_i-Sf_i_Folds_per_side2Pay_continuous_Trueltan_12,57.96201814058957,0.38641345427059715,0.2760096101932837,165.77546754913405,1.1051697836608936,0.7894069883292097,1.4915832379314908,1.0654165985224935
CIV-Ffh_i-Sf_i_Folds_per_side2.5Pay_continuous_Trueltan_6,57.96201814058957,0.38641345427059715,0.2760096101932837,63.991519817471456,0.42661013211647636,0.3047215229403403,0.8130235863870735,0.580731133133624
CIV-Ffh_i-Sf_i_Folds_per_side2.5Pay_continuous_Trueltan_9,57.96201814058957,0.38641345427059715,0.2760096101932837,116.57077040944556,0.7771384693963037,0.5550989067116455,1.1635519236669007,0.8311085169049293
CIV-Ffh_i-Sf_i_Folds_per_side2.5Pay_continuous_Trueltan_12,57.96201814058957,0.38641345427059715,0.2760096101932837,164.65182844549514,1.0976788563033009,0.7840563259309292,1.4840923105738981,1.0600659361242128
CI-Br-Sf_0_Folds_per_side0.5Pay_continuous_Falseltan_6,99.19047186720962,0.6612698124480642,0.4723355803200458,54.47098824885845,0.3631399216590563,0.25938565832789734,1.0244097341071203,0.7317212386479431
CI-Br-Sf_0_Folds_per_side1Pay_continuous_Falseltan_6,94.44574162286442,0.6296382774857627,0.44974162677554486,54.47098824885945,0.363139921659063,0.2593856583279021,0.9927781991448257,0.7091272851034469
CI-Br-Sf_0_Folds_per_side1Pay_continuous_Falseltan_9,84.08184007093459,0.5605456004728973,0.40038971462349804,87.22638250481094,0.5815092166987396,0.41536372621338546,1.142054817171637,0.8157534408368835
CI-Br-Sf_0_Folds_per_side1.5Pay_continuous_Falseltan_6,89.7010113785192,0.5980067425234613,0.4271476732310438,54.47098824886039,0.3631399216590692,0.2593856583279066,0.9611466641825306,0.6865333315589504
CI-Br-Sf_0_Folds_per_side1.5Pay_continuous_Falseltan_9,75.02593852292604,0.5001729234861736,0.3572663739186954,87.186256156962,0.58124170771308,0.4151726483664857,1.0814146311992536,0.7724390222851811
CI-Br-Sf_0_Folds_per_side1.5Pay_continuous_Falseltan_12,65.61745474785302,0.43744969831902014,0.31246407022787154,147.73787438983263,0.9849191625988841,0.7035136875706316,1.4223688609179042,1.0159777577985032
CI-Br-Sf_0_Folds_per_side2Pay_continuous_Falseltan_6,84.95628113417396,0.5663752075611598,0.4045537196865427,54.47098824886137,0.36313992165907577,0.2593856583279113,0.9295151292202355,0.663939378014454
CI-Br-Sf_0_Folds_per_side2Pay_continuous_Falseltan_9,65.97003697491749,0.43980024649944993,0.3141430332138928,87.16219046018603,0.5810812697345735,0.41505804981040967,1.0208815162340235,0.7292010830243025
CI-Br-Sf_0_Folds_per_side2Pay_continuous_Falseltan_12,57.96201814058957,0.38641345427059715,0.2760096101932837,144.95965147750127,0.9663976765166751,0.6902840546547679,1.352811130787272,0.9662936648480516
CI-Br-Sf_0_Folds_per_side2.5Pay_continuous_Falseltan_6,80.21155088982874,0.5347436725988582,0.38195976614204163,54.47098824886236,0.36313992165908243,0.259385658327916,0.8978835942579406,0.6413454244699577
CI-Br-Sf_0_Folds_per_side2.5Pay_continuous_Falseltan_9,57.96201814058957,0.38641345427059715,0.2760096101932837,87.4543814721425,0.5830292098142833,0.41644943558163094,0.9694426640848804,0.6924590457749147
CI-Br-Sf_0_Folds_per_side2.5Pay_continuous_Falseltan_12,57.96201814058957,0.38641345427059715,0.2760096101932837,142.62542598585335,0.9508361732390224,0.6791686951707303,1.3372496275096195,0.9551783053640139
CI-Br-Sf_i_Folds_per_side0.5Pay_continuous_Falseltan_6,92.08490643706996,0.6138993762471331,0.43849955446223793,54.47098824885988,0.3631399216590659,0.2593856583279042,0.977039297906199,0.6978852127901422
CI-Br-Sf_i_Folds_per_side0.5Pay_continuous_Falseltan_9,90.7795811385041,0.6051972075900274,0.4322837197071624,86.14122330716795,0.5742748220477863,0.4101963014627045,1.1794720296378136,0.8424800211698669
CI-Br-Sf_i_Folds_per_side1Pay_continuous_Falseltan_6,80.23461076258509,0.5348974050839006,0.382069575059929,54.47098824886234,0.36313992165908227,0.25938565832791594,0.8980373267429829,0.6414552333878449
CI-Br-Sf_i_Folds_per_side1Pay_continuous_Falseltan_9,79.3655191100565,0.52910346073371,0.3779310433812214,86.14122330717032,0.5742748220478021,0.4101963014627158,1.1033782827815122,0.7881273448439372
CI-Br-Sf_i_Folds_per_side1.5Pay_continuous_Falseltan_6,68.38431508810022,0.45589543392066817,0.32563959565762013,54.470988248864764,0.3631399216590984,0.2593856583279274,0.8190353555797666,0.5850252539855476
CI-Br-Sf_i_Folds_per_side1.5Pay_continuous_Falseltan_9,67.95145708160891,0.4530097138773927,0.32357836705528054,86.14122330717267,0.5742748220478178,0.410196301462727,1.0272845359252105,0.7337746685180075
CI-Br-Sf_i_Folds_per_side1.5Pay_continuous_Falseltan_12,65.61733922610367,0.4374489281740244,0.3124635201243032,147.73784395827656,0.9849189597218437,0.7035135426584598,1.422367887895868,1.015977062782763
CI-Br-Sf_i_Folds_per_side2Pay_continuous_Falseltan_6,57.96201814058957,0.38641345427059715,0.2760096101932837,54.47110462648673,0.3631406975099115,0.25938621250707966,0.7495541517805087,0.5353958227003633
CI-Br-Sf_i_Folds_per_side2Pay_continuous_Falseltan_9,57.96201814058957,0.38641345427059715,0.2760096101932837,86.24245198665027,0.5749496799110018,0.4106783427935727,0.9613631341815989,0.6866879529868564
CI-Br-Sf_i_Folds_per_side2Pay_continuous_Falseltan_12,57.96201814058957,0.38641345427059715,0.2760096101932837,144.95961567287736,0.9663974378191824,0.6902838841565588,1.3528108920897797,0.9662934943498425
CI-Br-Sf_i_Folds_per_side2.5Pay_continuous_Falseltan_6,57.96201814058957,0.38641345427059715,0.2760096101932837,54.47098824886259,0.36313992165908393,0.2593856583279171,0.7495533759296811,0.5353952685212008
CI-Br-Sf_i_Folds_per_side2.5Pay_continuous_Falseltan_9,57.96201814058957,0.38641345427059715,0.2760096101932837,86.14122330717453,0.5742748220478302,0.41019630146273584,0.9606882763184273,0.6862059116560195
CI-Br-Sf_i_Folds_per_side2.5Pay_continuous_Falseltan_12,57.96201814058957,0.38641345427059715,0.2760096101932837,142.62538629348794,0.9508359086232528,0.6791685061594663,1.33724936289385,0.95517811635275
CIII-Bfh_i-Sf_0_Folds_per_side0.5Pay_continuous_Falseltan_6,100.63599939490376,0.6709066626326917,0.479219044737637,54.47098824885816,0.3631399216590544,0.259385658327896,1.0340465842917461,0.7386047030655329
CIII-Bfh_i-Sf_0_Folds_per_side1Pay_continuous_Falseltan_6,95.89126915055854,0.6392751276703903,0.45662509119313593,54.47098824885912,0.36313992165906084,0.25938565832790056,1.0024150493294512,0.7160107495210365
CIII-Bfh_i-Sf_0_Folds_per_side1Pay_continuous_Falseltan_9,86.29244332088088,0.5752829554725392,0.4109163967660994,101.59685527549532,0.6773123685033021,0.48379454893093005,1.2525953239758412,0.8947109456970295
CIII-Bfh_i-Sf_0_Folds_per_side1.5Pay_continuous_Falseltan_6,91.14653890621331,0.6076435927080888,0.4340311376486348,54.470988248860095,0.3631399216590673,0.2593856583279052,0.970783514367156,0.69341679597654
CIII-Bfh_i-Sf_0_Folds_per_side1.5Pay_continuous_Falseltan_9,77.23654177287234,0.5149102784858156,0.36779305606129686,101.38112530102926,0.6758741686735283,0.48276726333823455,1.190784447159344,0.8505603193995315
CIII-Bfh_i-Sf_0_Folds_per_side1.5Pay_continuous_Falseltan_12,65.57839003354371,0.4371892668902914,0.3122780477787796,156.7769755810209,1.045179837206806,0.7465570265762901,1.4823691040970974,1.0588350743550696
CIII-Bfh_i-Sf_0_Folds_per_side2Pay_continuous_Falseltan_6,86.40180866186809,0.5760120577457872,0.41143718410413377,54.47098824886108,0.3631399216590739,0.25938565832790994,0.9391519794048611,0.6708228424320437
CIII-Bfh_i-Sf_0_Folds_per_side2Pay_continuous_Falseltan_9,68.1806402248638,0.45453760149909195,0.32466971535649425,101.23591361812605,0.674906090787507,0.48207577913393357,1.129443692286599,0.8067454944904278
CIII-Bfh_i-Sf_0_Folds_per_side2Pay_continuous_Falseltan_12,57.96201814058957,0.38641345427059715,0.2760096101932837,154.00370763876236,1.0266913842584158,0.7333509887560112,1.413104838529013,1.0093605989492949
CIII-Bfh_i-Sf_0_Folds_per_side2.5Pay_continuous_Falseltan_6,81.6570784175229,0.544380522783486,0.3888432305596328,54.470988248862035,0.3631399216590802,0.25938565832791444,0.9075204444425662,0.6482288888875473
CIII-Bfh_i-Sf_0_Folds_per_side2.5Pay_continuous_Falseltan_9,59.12473867685525,0.39416492451236834,0.2815463746516917,101.30949126326057,0.6753966084217371,0.4824261488726694,1.0695615329341055,0.7639725235243611
CIII-Bfh_i-Sf_0_Folds_per_side2.5Pay_continuous_Falseltan_12,57.96201814058957,0.38641345427059715,0.2760096101932837,151.6883496958271,1.0112556646388473,0.7223254747420338,1.3976691189094446,0.9983350849353174
CIII-Bfh_i-Sf_i_Folds_per_side0.5Pay_continuous_Falseltan_6,93.5304339647641,0.6235362264317607,0.44538301887982906,54.470988248859605,0.36313992165906406,0.2593856583279029,0.9866761480908247,0.704768677207732
CIII-Bfh_i-Sf_i_Folds_per_side0.5Pay_continuous_Falseltan_9,92.9901843884504,0.6199345625896694,0.44281040184976384,89.11559505179753,0.5941039670119835,0.4243599764371311,1.214038529601653,0.8671703782868949
CIII-Bfh_i-Sf_i_Folds_per_side1Pay_continuous_Falseltan_6,81.68013829027922,0.5445342552685282,0.3889530394775201,54.47098824886204,0.36313992165908027,0.2593856583279145,0.9076741769276084,0.6483386978054346
CIII-Bfh_i-Sf_i_Folds_per_side1Pay_continuous_Falseltan_9,81.5761223600028,0.543840815733352,0.38845772552382285,86.14122330716987,0.5742748220477991,0.41019630146271363,1.118115637781151,0.7986540269865365
CIII-Bfh_i-Sf_i_Folds_per_side1.5Pay_continuous_Falseltan_6,69.82984261579435,0.4655322841052957,0.3325230600752112,54.470988248864465,0.3631399216590964,0.25938565832792604,0.828672205764392,0.5919087184031373
CIII-Bfh_i-Sf_i_Folds_per_side1.5Pay_continuous_Falseltan_9,70.1620603315552,0.46774706887703466,0.33410504919788186,86.14122330717221,0.5742748220478148,0.4101963014627248,1.0420218909248495,0.7443013506606067
CIII-Bfh_i-Sf_i_Folds_per_side1.5Pay_continuous_Falseltan_12,65.57827451179438,0.43718849674529586,0.3122774976752113,156.77694557077905,1.045179637138527,0.7465568836703764,1.4823681338838228,1.0588343813455876
CIII-Bfh_i-Sf_i_Folds_per_side2Pay_continuous_Falseltan_6,57.97954694130947,0.38653031294206314,0.2760930806729022,54.511606696444126,0.3634107113096275,0.2595790795068768,0.7499410242516906,0.535672160179779
CIII-Bfh_i-Sf_i_Folds_per_side2Pay_continuous_Falseltan_9,58.747998303107615,0.39165332202071745,0.27975237287194105,86.2216201983041,0.5748108013220273,0.41057914380144805,0.9664641233427448,0.6903315166733891
CIII-Bfh_i-Sf_i_Folds_per_side2Pay_continuous_Falseltan_12,57.96201814058957,0.38641345427059715,0.2760096101932837,154.00367214239978,1.0266911476159986,0.7333508197257133,1.4131046018865958,1.0093604299189969
CIII-Bfh_i-Sf_i_Folds_per_side2.5Pay_continuous_Falseltan_6,57.96201814058957,0.38641345427059715,0.2760096101932837,54.47098824886259,0.36313992165908393,0.2593856583279171,0.7495533759296811,0.5353952685212008
CIII-Bfh_i-Sf_i_Folds_per_side2.5Pay_continuous_Falseltan_9,57.96201814058957,0.38641345427059715,0.2760096101932837,86.14122330717453,0.5742748220478302,0.41019630146273584,0.9606882763184273,0.6862059116560195
CIII-Bfh_i-Sf_i_Folds_per_side2.5Pay_continuous_Falseltan_12,57.96201814058957,0.38641345427059715,0.2760096101932837,151.6883105098229,1.0112554033988195,0.7223252881420139,1.3976688576694167,0.9983348983352975
CIII-Bfv_i-Sf_0_Folds_per_side0.5Pay_continuous_Falseltan_6,100.63599939490376,0.6709066626326917,0.479219044737637,54.47098824885816,0.3631399216590544,0.259385658327896,1.0340465842917461,0.7386047030655329
CIII-Bfv_i-Sf_0_Folds_per_side1Pay_continuous_Falseltan_6,95.89126915055854,0.6392751276703903,0.45662509119313593,54.47098824885912,0.36313992165906084,0.25938565832790056,1.0024150493294512,0.7160107495210365
CIII-Bfv_i-Sf_0_Folds_per_side1Pay_continuous_Falseltan_9,86.29244332088088,0.5752829554725392,0.4109163967660994,101.59685527549532,0.6773123685033021,0.48379454893093005,1.2525953239758412,0.8947109456970295
CIII-Bfv_i-Sf_0_Folds_per_side1.5Pay_continuous_Falseltan_6,91.14653890621331,0.6076435927080888,0.4340311376486348,54.470988248860095,0.3631399216590673,0.2593856583279052,0.970783514367156,0.69341679597654
CIII-Bfv_i-Sf_0_Folds_per_side1.5Pay_continuous_Falseltan_9,77.23654177287234,0.5149102784858156,0.36779305606129686,101.38112530102926,0.6758741686735283,0.48276726333823455,1.190784447159344,0.8505603193995315
CIII-Bfv_i-Sf_0_Folds_per_side1.5Pay_continuous_Falseltan_12,65.57839003354371,0.4371892668902914,0.3122780477787796,156.7769755810209,1.045179837206806,0.7465570265762901,1.4823691040970974,1.0588350743550696
CIII-Bfv_i-Sf_0_Folds_per_side2Pay_continuous_Falseltan_6,86.40180866186809,0.5760120577457872,0.41143718410413377,54.47098824886108,0.3631399216590739,0.25938565832790994,0.9391519794048611,0.6708228424320437
CIII-Bfv_i-Sf_0_Folds_per_side2Pay_continuous_Falseltan_9,68.1806402248638,0.45453760149909195,0.32466971535649425,101.23591361812605,0.674906090787507,0.48207577913393357,1.129443692286599,0.8067454944904278
CIII-Bfv_i-Sf_0_Folds_per_side2Pay_continuous_Falseltan_12,57.96201814058957,0.38641345427059715,0.2760096101932837,154.00370763876236,1.0266913842584158,0.7333509887560112,1.413104838529013,1.0093605989492949
CIII-Bfv_i-Sf_0_Folds_per_side2.5Pay_continuous_Falseltan_6,81.6570784175229,0.544380522783486,0.3888432305596328,54.470988248862035,0.3631399216590802,0.25938565832791444,0.9075204444425662,0.6482288888875473
CIII-Bfv_i-Sf_0_Folds_per_side2.5Pay_continuous_Falseltan_9,59.12473867685525,0.39416492451236834,0.2815463746516917,101.30949126326057,0.6753966084217371,0.4824261488726694,1.0695615329341055,0.7639725235243611
CIII-Bfv_i-Sf_0_Folds_per_side2.5Pay_continuous_Falseltan_12,57.96201814058957,0.38641345427059715,0.2760096101932837,151.6883496958271,1.0112556646388473,0.7223254747420338,1.3976691189094446,0.9983350849353174
CIII-Bfv_i-Sf_i_Folds_per_side0.5Pay_continuous_Falseltan_6,93.5304339647641,0.6235362264317607,0.44538301887982906,54.470988248859605,0.36313992165906406,0.2593856583279029,0.9866761480908247,0.704768677207732
CIII-Bfv_i-Sf_i_Folds_per_side0.5Pay_continuous_Falseltan_9,92.9901843884504,0.6199345625896694,0.44281040184976384,89.11559505179753,0.5941039670119835,0.4243599764371311,1.214038529601653,0.8671703782868949
CIII-Bfv_i-Sf_i_Folds_per_side1Pay_continuous_Falseltan_6,81.68013829027922,0.5445342552685282,0.3889530394775201,54.47098824886204,0.36313992165908027,0.2593856583279145,0.9076741769276084,0.6483386978054346
CIII-Bfv_i-Sf_i_Folds_per_side1Pay_continuous_Falseltan_9,81.5761223600028,0.543840815733352,0.38845772552382285,86.14122330716987,0.5742748220477991,0.41019630146271363,1.118115637781151,0.7986540269865365
CIII-Bfv_i-Sf_i_Folds_per_side1.5Pay_continuous_Falseltan_6,69.82984261579435,0.4655322841052957,0.3325230600752112,54.470988248864465,0.3631399216590964,0.25938565832792604,0.828672205764392,0.5919087184031373
CIII-Bfv_i-Sf_i_Folds_per_side1.5Pay_continuous_Falseltan_9,70.1620603315552,0.46774706887703466,0.33410504919788186,86.14122330717221,0.5742748220478148,0.4101963014627248,1.0420218909248495,0.7443013506606067
CIII-Bfv_i-Sf_i_Folds_per_side1.5Pay_continuous_Falseltan_12,65.57827451179438,0.43718849674529586,0.3122774976752113,156.77694557077905,1.045179637138527,0.7465568836703764,1.4823681338838228,1.0588343813455876
CIII-Bfv_i-Sf_i_Folds_per_side2Pay_continuous_Falseltan_6,57.97954694130947,0.38653031294206314,0.2760930806729022,54.511606696444126,0.3634107113096275,0.2595790795068768,0.7499410242516906,0.535672160179779
CIII-Bfv_i-Sf_i_Folds_per_side2Pay_continuous_Falseltan_9,58.747998303107615,0.39165332202071745,0.27975237287194105,86.2216201983041,0.5748108013220273,0.41057914380144805,0.9664641233427448,0.6903315166733891
CIII-Bfv_i-Sf_i_Folds_per_side2Pay_continuous_Falseltan_12,57.96201814058957,0.38641345427059715,0.2760096101932837,154.00367214239978,1.0266911476159986,0.7333508197257133,1.4131046018865958,1.0093604299189969
CIII-Bfv_i-Sf_i_Folds_per_side2.5Pay_continuous_Falseltan_6,57.96201814058957,0.38641345427059715,0.2760096101932837,54.47098824886259,0.36313992165908393,0.2593856583279171,0.7495533759296811,0.5353952685212008
CIII-Bfv_i-Sf_i_Folds_per_side2.5Pay_continuous_Falseltan_9,57.96201814058957,0.38641345427059715,0.2760096101932837,86.14122330717453,0.5742748220478302,0.41019630146273584,0.9606882763184273,0.6862059116560195
CIII-Bfv_i-Sf_i_Folds_per_side2.5Pay_continuous_Falseltan_12,57.96201814058957,0.38641345427059715,0.2760096101932837,151.6883105098229,1.0112554033988195,0.7223252881420139,1.3976688576694167,0.9983348983352975
CIV-Fr-Sf_i_Folds_per_side0.5Pay_continuous_Falseltan_6,92.08490643706996,0.6138993762471331,0.43849955446223793,54.47098824885988,0.3631399216590659,0.2593856583279042,0.977039297906199,0.6978852127901422
CIV-Fr-Sf_i_Folds_per_side0.5Pay_continuous_Falseltan_9,90.7795811385041,0.6051972075900274,0.4322837197071624,86.14122330716795,0.5742748220477863,0.4101963014627045,1.1794720296378136,0.8424800211698669
CIV-Fr-Sf_i_Folds_per_side1Pay_continuous_Falseltan_6,80.23461076258509,0.5348974050839006,0.382069575059929,54.47098824886234,0.36313992165908227,0.25938565832791594,0.8980373267429829,0.6414552333878449
CIV-Fr-Sf_i_Folds_per_side1Pay_continuous_Falseltan_9,79.3655191100565,0.52910346073371,0.3779310433812214,86.14122330717032,0.5742748220478021,0.4101963014627158,1.1033782827815122,0.7881273448439372
CIV-Fr-Sf_i_Folds_per_side1.5Pay_continuous_Falseltan_6,68.38431508810022,0.45589543392066817,0.32563959565762013,54.470988248864764,0.3631399216590984,0.2593856583279274,0.8190353555797666,0.5850252539855476
CIV-Fr-Sf_i_Folds_per_side1.5Pay_continuous_Falseltan_9,67.95145708160891,0.4530097138773927,0.32357836705528054,86.14122330717267,0.5742748220478178,0.410196301462727,1.0272845359252105,0.7337746685180075
CIV-Fr-Sf_i_Folds_per_side1.5Pay_continuous_Falseltan_12,65.61733922610367,0.4374489281740244,0.3124635201243032,147.73784395827656,0.9849189597218437,0.7035135426584598,1.422367887895868,1.015977062782763
CIV-Fr-Sf_i_Folds_per_side2Pay_continuous_Falseltan_6,57.96201814058957,0.38641345427059715,0.2760096101932837,54.47110462648673,0.3631406975099115,0.25938621250707966,0.7495541517805087,0.5353958227003633
CIV-Fr-Sf_i_Folds_per_side2Pay_continuous_Falseltan_9,57.96201814058957,0.38641345427059715,0.2760096101932837,86.24245198665027,0.5749496799110018,0.4106783427935727,0.9613631341815989,0.6866879529868564
CIV-Fr-Sf_i_Folds_per_side2Pay_continuous_Falseltan_12,57.96201814058957,0.38641345427059715,0.2760096101932837,144.95961567287736,0.9663974378191824,0.6902838841565588,1.3528108920897797,0.9662934943498425
CIV-Fr-Sf_i_Folds_per_side2.5Pay_continuous_Falseltan_6,57.96201814058957,0.38641345427059715,0.2760096101932837,54.47098824886259,0.36313992165908393,0.2593856583279171,0.7495533759296811,0.5353952685212008
CIV-Fr-Sf_i_Folds_per_side2.5Pay_continuous_Falseltan_9,57.96201814058957,0.38641345427059715,0.2760096101932837,86.14122330717453,0.5742748220478302,0.41019630146273584,0.9606882763184273,0.6862059116560195
CIV-Fr-Sf_i_Folds_per_side2.5Pay_continuous_Falseltan_12,57.96201814058957,0.38641345427059715,0.2760096101932837,142.62538629348794,0.9508359086232528,0.6791685061594663,1.33724936289385,0.95517811635275
CIV-Ffh_i-Sf_i_Folds_per_side0.5Pay_continuous_Falseltan_6,93.5304339647641,0.6235362264317607,0.44538301887982906,54.470988248859605,0.36313992165906406,0.2593856583279029,0.9866761480908247,0.704768677207732
CIV-Ffh_i-Sf_i_Folds_per_side0.5Pay_continuous_Falseltan_9,92.9901843884504,0.6199345625896694,0.44281040184976384,89.11559505179753,0.5941039670119835,0.4243599764371311,1.214038529601653,0.8671703782868949
CIV-Ffh_i-Sf_i_Folds_per_side1Pay_continuous_Falseltan_6,81.68013829027922,0.5445342552685282,0.3889530394775201,54.47098824886204,0.36313992165908027,0.2593856583279145,0.9076741769276084,0.6483386978054346
CIV-Ffh_i-Sf_i_Folds_per_side1Pay_continuous_Falseltan_9,81.5761223600028,0.543840815733352,0.38845772552382285,86.14122330716987,0.5742748220477991,0.41019630146271363,1.118115637781151,0.7986540269865365
CIV-Ffh_i-Sf_i_Folds_per_side1.5Pay_continuous_Falseltan_6,69.82984261579435,0.4655322841052957,0.3325230600752112,54.470988248864465,0.3631399216590964,0.25938565832792604,0.828672205764392,0.5919087184031373
CIV-Ffh_i-Sf_i_Folds_per_side1.5Pay_continuous_Falseltan_9,70.1620603315552,0.46774706887703466,0.33410504919788186,86.14122330717221,0.5742748220478148,0.4101963014627248,1.0420218909248495,0.7443013506606067
CIV-Ffh_i-Sf_i_Folds_per_side1.5Pay_continuous_Falseltan_12,65.57827451179438,0.43718849674529586,0.3122774976752113,156.77694557077905,1.045179637138527,0.7465568836703764,1.4823681338838228,1.0588343813455876
CIV-Ffh_i-Sf_i_Folds_per_side2Pay_continuous_Falseltan_6,57.97954694130947,0.38653031294206314,0.2760930806729022,54.511606696444126,0.3634107113096275,0.2595790795068768,0.7499410242516906,0.535672160179779
CIV-Ffh_i-Sf_i_Folds_per_side2Pay_continuous_Falseltan_9,58.747998303107615,0.39165332202071745,0.27975237287194105,86.2216201983041,0.5748108013220273,0.41057914380144805,0.9664641233427448,0.6903315166733891
CIV-Ffh_i-Sf_i_Folds_per_side2Pay_continuous_Falseltan_12,57.96201814058957,0.38641345427059715,0.2760096101932837,154.00367214239978,1.0266911476159986,0.7333508197257133,1.4131046018865958,1.0093604299189969
CIV-Ffh_i-Sf_i_Folds_per_side2.5Pay_continuous_Falseltan_6,57.96201814058957,0.38641345427059715,0.2760096101932837,54.47098824886259,0.36313992165908393,0.2593856583279171,0.7495533759296811,0.5353952685212008
CIV-Ffh_i-Sf_i_Folds_per_side2.5Pay_continuous_Falseltan_9,57.96201814058957,0.38641345427059715,0.2760096101932837,86.14122330717453,0.5742748220478302,0.41019630146273584,0.9606882763184273,0.6862059116560195
CIV-Ffh_i-Sf_i_Folds_per_side2.5Pay_continuous_Falseltan_12,57.96201814058957,0.38641345427059715,0.2760096101932837,151.6883105098229,1.0112554033988195,0.7223252881420139,1.3976688576694167,0.9983348983352975
